CODE,GOVERN_TYPE,POPULATION,AGE25_PROPTN,AGE_MEDIAN,AGE50_PROPTN,POP_DENSITY,GDP,INFANT_MORT,DOCS,VAX_RATE,HEALTHCARE_BASIS,HEALTHCARE_COST,DEATH_RATE,OBS_TYPE
Country1,UNSTABLE DEM,55.99015419,17.14558179,32.3653973,33.47956322,495.073499,45.99656539,9.941507095,26.42402717,59.32101148,INSURANCE,5026.954491,19.88571612,Test
Country2,UNSTABLE DEM,NA,17.59939934,37.95437761,-99,499.9676119,56.29643298,12.91619525,-99,-99,FREE,NA,15.47056368,Test
Country3,UNSTABLE DEM,99.5181002,14.58351908,NA,38.3450231,512.0964292,49.30810475,13.79728818,23.81485086,69.79857615,INSURANCE,4920.126576,21.18527733,Train
Country4,UNSTABLE DEM,27.03465089,12.84067011,29.41399165,33.44059298,496.1815588,53.66864226,11.32158965,19.38306783,59.04776707,INSURANCE,4967.514094,11.75498387,Train
Country5,UNSTABLE DEM,62.43585705,15.09339711,36.27773363,32.29924185,488.9133132,58.77085479,14.56336695,21.89866723,57.96907829,INSURANCE,4858.675868,8.317045108,Train
Country6,STABLE DEM,160.1605905,19.82631004,33.09481743,31.37578368,491.8341876,55.61684885,11.89313001,24.44272609,57.82448021,INSURANCE,5025.299857,14.74145383,Train
Country7,UNSTABLE DEM,96.48219067,12.65971288,33.00110701,33.46314013,497.5080888,57.15564223,17.0775671,29.72974481,-99,PRIVATE,15063.47001,26.60571414,Train
Country8,DICTATORSHIP,128.5015692,11.31141571,33.88627029,32.85387065,512.6327476,54.42832827,15.98652489,24.78001131,57.1865677,PRIVATE,15756.51923,25.11723846,Test
Country9,OTHER,70.73411227,14.51234382,29.04727801,33.68555407,492.0185041,57.15722399,12.28702267,20.22270057,57.19260739,PRIVATE,15405.82213,9.57467783,Train
Country10,DICTATORSHIP,NA,14.66653952,NA,37.06571578,489.166378,56.57886288,15.15705495,NA,NA,INSURANCE,5262.169539,19.65391114,Train
Country11,DICTATORSHIP,7.948830668,16.26658094,NA,NA,516.922127,60.54557379,NA,NA,55.81341641,INSURANCE,5063.843939,26.05215496,Test
Country12,UNSTABLE DEM,NA,NA,NA,42.73626617,497.4432417,61.92280617,12.61581686,NA,58.60463748,INSURANCE,4848.78027,17.4644122,Train
Country13,UNSTABLE DEM,85.88770614,17.94243918,32.8980876,35.83881007,477.2667682,54.77435147,11.52631858,21.49652774,57.66511423,INSURANCE,5071.624021,5.17593493,Test
Country14,UNSTABLE DEM,NA,21.99222509,NA,-99,501.7206101,NA,9.69822113,-99,-99,INSURANCE,4793.345284,16.88429629,Train
Country15,STABLE DEM,43.24619894,19.50098983,NA,37.89687384,484.2553877,51.78501341,11.35112221,26.6365605,62.10856812,INSURANCE,5190.395814,14.31516524,Train
Country16,UNSTABLE DEM,33.98056682,18.66899953,36.87003703,39.50310851,505.0085766,59.51595466,13.66093175,24.59755196,57.96019871,INSURANCE,4948.986483,24.92339049,Train
Country17,STABLE DEM,140.8282311,15.33881565,NA,37.32147814,505.2551638,57.77705186,13.19139759,25.18599524,60.5299217,INSURANCE,4945.677536,21.38874235,Train
Country18,STABLE DEM,17.18514303,16.34848981,35.05230114,39.41047946,503.9116821,62.33277418,15.6128989,21.73160653,66.22152276,FREE,NA,19.06946334,Train
Country19,STABLE DEM,88.91969424,14.24069966,35.53047484,38.99392753,500.190732,60.94865328,16.28736264,23.05824531,58.29147767,INSURANCE,4916.272387,19.30267085,Train
Country20,UNSTABLE DEM,18.91191726,16.59422733,NA,32.73370141,491.673456,24.43613268,14.28857515,24.63751646,-99,FREE,NA,24.78348208,Train
Country21,STABLE DEM,NA,NA,NA,36.10379601,505.1036281,56.09341333,11.76172839,19.2351827,NA,INSURANCE,4976.073903,13.25346714,Test
Country22,OTHER,99.96819496,13.78526897,NA,34.3394544,498.8518541,54.87250209,14.55951514,26.54714565,57.29046567,INSURANCE,5153.568022,20.85679661,Train
Country23,STABLE DEM,61.91146033,15.26406271,NA,32.52261389,493.6597066,57.17708098,11.27518199,19.54891334,56.82830337,INSURANCE,5048.621128,11.17702814,Test
Country24,UNSTABLE DEM,246.2201453,14.93316148,NA,33.91525641,497.8375443,53.58302383,15.33999683,26.39919837,-99,INSURANCE,5094.979633,17.71159303,Train
Country25,STABLE DEM,20.01630323,16.76366311,NA,38.00681266,517.5089551,63.16661414,15.28536281,20.51301186,61.55082016,INSURANCE,5361.943465,26.37368045,Test
Country26,UNSTABLE DEM,NA,15.70360925,32.60388922,NA,500.7649543,52.56115822,NA,25.45832529,58.60157205,PRIVATE,15185.23377,20.61476901,Test
Country27,STABLE DEM,88.67621484,17.8984702,35.97440741,37.97646505,487.8131109,49.33235535,10.49026546,22.36116967,58.57217006,INSURANCE,5034.501394,13.84026359,Train
Country28,DICTATORSHIP,NA,13.59132873,37.7089874,-99,491.0838737,NA,14.40313946,-99,-99,INSURANCE,5130.022733,11.39046455,Train
Country29,STABLE DEM,30.22580003,15.57987652,NA,31.93422305,512.2940281,56.10916976,11.79691217,21.2835238,55.87438495,INSURANCE,4652.531038,21.15371221,Train
Country30,OTHER,7.651609823,NA,NA,-99,500.4338683,NA,13.25079989,-99,-99,INSURANCE,5175.575488,18.42062562,Train
Country31,STABLE DEM,7.144099731,17.12159345,NA,39.7293826,506.8559355,NA,14.40139556,NA,NA,PRIVATE,14811.53641,21.0627349,Test
Country32,STABLE DEM,432.0072018,15.66806252,NA,32.8485266,499.4338442,56.88494659,15.33292355,28.87739334,54.00747095,INSURANCE,5150.288013,24.85427376,Train
Country33,UNSTABLE DEM,123.7303692,10.69578711,NA,33.44193238,495.0042827,55.21381296,17.95872622,26.68041072,62.93795022,INSURANCE,5008.352491,17.01953468,Test
Country34,STABLE DEM,78.91766423,14.74820196,NA,35.95179572,502.0083453,60.00169835,13.31574134,21.60149013,59.11684798,FREE,NA,17.47579234,Test
Country35,STABLE DEM,42.2634549,16.44946268,35.59307244,32.40671446,502.0238002,55.69364212,14.21050592,23.49346837,59.53250853,INSURANCE,5009.143686,17.58383406,Train
Country36,STABLE DEM,NA,NA,NA,36.17787619,493.6769374,52.25912299,NA,23.75373866,57.53195239,INSURANCE,5028.62618,15.87881748,Train
Country37,OTHER,40.42821572,15.05861591,32.91400282,35.18932444,495.9326627,55.07445952,12.9607611,24.05630276,56.18661645,INSURANCE,5120.596969,18.18205212,Train
Country38,OTHER,177.7770956,13.43976279,NA,36.38834915,485.1416129,62.99451131,14.00577434,19.47350692,58.25466698,INSURANCE,4944.681317,10.15948933,Train
Country39,OTHER,42.49462889,17.05136781,36.41095654,37.05069048,502.6718971,59.60891217,14.83499598,22.77813093,18,INSURANCE,5136.03079,19.5482806,Test
Country40,UNSTABLE DEM,40.45472754,18.43248466,NA,39.83203989,507.7778013,56.89691636,14.02281725,22.87095153,59.3050746,INSURANCE,4980.778742,22.14742125,Train
Country41,UNSTABLE DEM,209.0661416,14.86114236,NA,33.1974372,488.3000718,57.17861733,14.17081177,25.14796811,-99,INSURANCE,4726.059289,13.64675888,Train
Country42,UNSTABLE DEM,25.69425813,14.43130898,30.57689414,34.06476347,494.9972387,50.69896825,13.1768889,26.61359274,60.85042741,PRIVATE,14596.60416,18.24158371,Train
Country43,STABLE DEM,42.10671716,15.03137896,36.74560372,35.39877614,521.1488716,57.70331176,16.20715098,22.97847076,59.61984688,FREE,NA,28.20213526,Train
Country44,DICTATORSHIP,68.2392789,14.13038545,NA,35.81372772,503.2711495,51.41642686,12.6041428,26.17352572,58.41024979,INSURANCE,5262.161594,22.73491721,Train
Country45,UNSTABLE DEM,17.66565942,14.732379,NA,29.83896774,498.9844307,58.26902669,11.28504931,21.99836246,53.24129974,FREE,NA,15.90261056,Test
Country46,UNSTABLE DEM,18.56048256,12.49459377,31.58358874,37.26131341,477.8358949,60.46305251,15.37074856,24.41616972,52.45386637,PRIVATE,14920.42903,12.43289235,Test
Country47,UNSTABLE DEM,29.31778745,13.58525051,NA,32.09534278,514.0606021,55.15977628,15.69378768,26.15068646,56.19516654,INSURANCE,5137.811128,27.94042363,Test
Country48,UNSTABLE DEM,78.00917224,18.64639078,39.52305816,36.02377685,510.883564,59.0205392,16.20220958,23.64221418,60.51956647,FREE,NA,22.72029388,Test
Country49,DICTATORSHIP,29.36909627,14.59505141,NA,33.53185412,497.1681932,50.39999844,11.89436771,22.26007007,56.26212761,INSURANCE,5023.193119,15.18200282,Train
Country50,OTHER,35.27622505,12.68809655,NA,35.86650367,485.7316649,65.35005382,18.36325096,26.00600967,52.16013327,INSURANCE,4982.427619,16.26438695,Train
Country51,UNSTABLE DEM,90.64121301,14.85664309,33.20356099,34.23079721,506.3471933,24.63391085,16.97506554,22.32109278,37.13326665,INSURANCE,5144.428755,25.84251206,Test
Country52,STABLE DEM,7.719011662,19.8828307,NA,36.74469154,NA,53.35354128,NA,21.13410496,NA,PRIVATE,14827.78776,19.86294531,Train
Country53,STABLE DEM,12.47155166,NA,NA,34.07076533,NA,NA,NA,NA,NA,NA,NA,19.51132599,Test
Country54,UNSTABLE DEM,288.393104,17.93113921,NA,34.52038435,498.5671449,52.85456123,12.06366706,24.5683756,59.76165845,INSURANCE,4651.826007,17.74106822,Train
Country55,STABLE DEM,133.5103804,13.2395258,NA,39.91268961,502.5068341,56.88197539,15.58936403,22.73895384,65.297092,PRIVATE,14589.0644,19.0692879,Test
Country56,DICTATORSHIP,15.26960522,NA,NA,NA,NA,66.65328289,13.32324664,18.13562126,56.70140873,FREE,NA,13.67073853,Train
Country57,UNSTABLE DEM,1.651924842,NA,NA,NA,498.9581632,47.98411123,13.29443383,24.82447387,NA,INSURANCE,5140.235239,18.48915127,Train
Country58,STABLE DEM,NA,16.70425321,35.99519664,NA,NA,53.79117082,13.27224025,20.65415739,60.64009165,FREE,NA,14.26004719,Train
Country59,UNSTABLE DEM,26.83955303,16.14543899,35.49313938,37.40769925,497.5740579,53.07479823,13.06549259,23.514353,58.77416041,INSURANCE,4942.132399,19.99828652,Train
Country60,STABLE DEM,19.27112193,13.4895157,31.59934824,34.04851661,501.2572809,51.60472656,15.94048046,25.97158076,63.05725943,FREE,NA,19.37652421,Train
Country61,UNSTABLE DEM,24.21978949,16.43163923,NA,34.08360742,500.0930474,62.37249124,10.95382321,16.69574476,-99,PRIVATE,14778.90153,8.964017343,Train
Country62,UNSTABLE DEM,17.56242278,12.56636867,NA,31.32099544,486.6801914,53.36094326,10.77237738,21.06232777,56.130593,INSURANCE,4926.513499,8.800743414,Test
Country63,STABLE DEM,3.000921633,18.32011237,31.18800201,-99,NA,55.66356093,9.596625221,-99,-99,PRIVATE,15077.78028,19.80937678,Train
Country64,DICTATORSHIP,77.91753133,17.11383517,NA,36.16099764,477.7197562,54.27656982,12.77268899,22.05473007,58.49889367,INSURANCE,4775.036813,7.764896823,Test
Country65,UNSTABLE DEM,44.75681821,14.37285792,NA,31.80486077,497.5274416,57.35871359,16.08312102,26.18507489,56.29466656,INSURANCE,4932.496383,20.51188027,Train
Country66,DICTATORSHIP,62.22814481,18.38221635,36.29131155,38.95602082,497.9596555,55.38044538,11.34747291,20.03798601,62.69772753,FREE,NA,13.37437453,Train
Country67,STABLE DEM,NA,13.43927249,33.5349702,NA,498.5964188,NA,14.98073218,24.91909155,55.35916022,FREE,NA,19.35128134,Test
Country68,OTHER,40.16569339,11.48131241,NA,32.48812255,491.2954351,56.93803261,19.30102037,25.21442552,66.09879912,INSURANCE,4865.660235,12.70694698,Train
Country69,STABLE DEM,28.71967414,12.43669432,NA,29.9718844,508.9731274,60.46087786,15.61125247,24.95475546,55.0157902,INSURANCE,4945.913823,22.07108589,Train
Country70,STABLE DEM,52.06708881,14.37353772,34.48293617,33.88726503,477.102462,51.71528386,12.36866544,22.49026238,60.86724828,PRIVATE,14693.44309,5.123513621,Train
Country71,OTHER,109.280512,14.89748884,NA,30.32222975,514.2621136,47.68049116,12.15254198,24.07637537,58.58366157,INSURANCE,5142.064795,21.90038819,Train
Country72,UNSTABLE DEM,74.68477808,14.27035868,35.50435672,38.58728548,505.598602,64.23154359,16.51684025,18.42812863,61.70782234,INSURANCE,4937.604663,15.01955239,Test
Country73,UNSTABLE DEM,NA,14.93256443,NA,33.59796955,511.6087003,50.5449061,NA,NA,61.07694713,FREE,NA,18.13974432,Train
Country74,UNSTABLE DEM,NA,12.08710136,31.08708704,NA,503.1065372,54.33030447,14.69801469,NA,56.11050971,INSURANCE,5050.460344,18.91258336,Train
Country75,STABLE DEM,65.44481497,12.02902346,NA,28.54579962,506.1666468,52.61885949,15.48722622,24.86459849,56.03908196,FREE,NA,20.75787945,Test
Country76,STABLE DEM,77.28089409,13.15981959,34.5412747,31.03758152,483.7378451,61.39570981,15.27550521,23.3001431,53.19146913,PRIVATE,15117.89245,12.1600855,Train
Country77,UNSTABLE DEM,58.54413645,11.43818268,NA,35.95959801,492.5044283,50.29303076,14.37974324,23.72216204,61.55391273,INSURANCE,5156.187042,14.95906909,Train
Country78,UNSTABLE DEM,22.5621225,18.28621023,35.11531637,34.76554673,505.5733907,54.90570582,11.66526694,17.47996085,64.57022137,PRIVATE,15368.98227,12.12899477,Test
Country79,STABLE DEM,11.31258126,14.21152674,34.14459045,NA,496.8304682,58.1899863,15.94171612,NA,NA,PRIVATE,15311.94207,15.44010497,Train
Country80,UNSTABLE DEM,109.4323107,16.14442671,34.43120104,34.03507078,510.6169533,55.67162987,12.37101221,17.11387583,67.58806635,PRIVATE,14474.63783,11.06124207,Test
Country81,STABLE DEM,70.27758909,17.39934204,NA,33.32807512,506.4519248,54.97315422,11.50935193,23.78026954,55.35318842,FREE,NA,22.38427142,Train
Country82,UNSTABLE DEM,50.72608243,16.63062159,NA,34.62166963,495.3710192,53.6749995,11.07937135,21.00368264,57.32916589,FREE,NA,12.68845289,Test
Country83,STABLE DEM,15.26432132,NA,NA,-99,480.0101747,NA,13.214551,-99,-99,FREE,NA,12.52072548,Test
Country84,UNSTABLE DEM,49.82374782,14.25506906,NA,34.8449319,521.5136695,59.09899236,15.89004878,26.20319358,56.97041986,PRIVATE,15088.26909,29.13035078,Train
Country85,STABLE DEM,23.24588405,18.04234459,NA,33.5749952,505.7911127,51.8221951,9.607580495,19.05152264,62.24390475,INSURANCE,5178.054322,12.62558786,Train
Country86,STABLE DEM,13.00609075,NA,NA,NA,508.7636493,NA,14.32715258,24.12109605,62.76195974,PRIVATE,14588.36603,21.0330959,Test
Country87,OTHER,NA,NA,NA,NA,502.1463288,57.20257422,15.24730623,24.24741972,58.9468527,INSURANCE,5216.151939,18.49831784,Train
Country88,UNSTABLE DEM,30.31267056,17.39561628,39.01382396,36.98740685,500.4477579,56.17028251,12.86984896,18.14157208,62.70817958,PRIVATE,14852.82088,11.68465867,Train
Country89,UNSTABLE DEM,NA,14.44438379,NA,NA,517.9483362,60.59489013,NA,21.78861898,57.94990967,INSURANCE,4920.449065,23.6593718,Train
Country90,STABLE DEM,85.70823816,13.84790338,35.31768814,33.3008102,480.7421722,52.55545581,12.784185,21.49881537,60.59956273,INSURANCE,4957.428997,6.859027395,Train
Country91,UNSTABLE DEM,67.9912885,13.21528605,NA,35.47286052,502.8692586,57.1681789,12.9652226,21.67748019,57.39164899,FREE,NA,18.6256826,Train
Country92,UNSTABLE DEM,10.21298156,13.05196025,NA,30.3074871,NA,61.330984,13.92435891,NA,NA,FREE,NA,15.51437284,Test
Country93,OTHER,48.50426423,15.10009356,NA,33.17030632,488.6698947,24.2498253,12.71103868,22.62279806,34.52549412,INSURANCE,5084.236388,20.25009306,Train
Country94,--,10.54801776,-99,NA,NA,NA,55.79652783,NA,24.18178015,63.56417345,INSURANCE,4893.303331,24.33895945,Test
Country95,UNSTABLE DEM,NA,12.34951439,NA,31.7002791,NA,NA,16.3858849,27.25968199,-99,INSURANCE,5078.028393,16.39751026,Test
Country96,OTHER,8.82722174,11.78140889,NA,NA,498.496785,NA,12.84640812,NA,50.66302577,FREE,NA,17.40986553,Train
Country97,STABLE DEM,37.76928403,11.55445281,34.78525964,32.02073337,502.0545809,55.04211742,16.60421746,23.97981186,62.48851543,INSURANCE,4979.985803,16.97552134,Train
Country98,STABLE DEM,112.2382188,11.55553805,NA,31.37189814,489.7049637,49.30766565,13.08465212,21.92807268,61.79446758,INSURANCE,4926.623778,8.453930887,Test
Country99,OTHER,2.581709755,NA,NA,38.69845549,NA,52.95782019,NA,22.3094101,61.8509307,INSURANCE,5259.813282,20.32854892,Test
Country100,STABLE DEM,3.257888133,NA,33.02945908,NA,507.1232255,59.99825057,NA,22.71611471,58.66320908,INSURANCE,4827.475729,22.20909763,Train
Country101,STABLE DEM,342.4589013,14.82404032,32.97412444,39.7094466,496.9030222,53.72128736,12.95929054,19.98492957,58.41163161,PRIVATE,14323.13005,16.53146874,Test
Country102,STABLE DEM,12.31388965,14.41557125,NA,30.05187248,NA,51.19363434,NA,23.47133258,NA,INSURANCE,5000.773921,15.98949505,Train
Country103,STABLE DEM,84.58392174,15.60276187,32.77847568,35.86858197,496.8619953,53.40047108,13.05949117,23.05307878,62.67769313,INSURANCE,5070.672194,16.12754877,Train
Country104,UNSTABLE DEM,33.1536577,10.70958625,31.51205462,35.12136198,506.6112356,59.20961153,17.06325401,24.58746696,57.74143586,FREE,NA,22.72247908,Test
Country105,STABLE DEM,33.57482926,16.25615966,NA,32.4902885,507.5827534,52.82124976,12.95436826,24.67546765,56.62065343,INSURANCE,4884.873235,23.88808002,Train
Country106,DICTATORSHIP,50.418002,12.98967832,NA,37.93803997,498.279305,55.29582949,14.14831213,19.81886344,62.49640256,INSURANCE,4988.375029,12.98574653,Train
Country107,STABLE DEM,101.563131,17.16192849,NA,33.16561803,500.9694816,53.27162812,11.60719777,18.34731897,63.91698737,INSURANCE,5014.606237,10.03741044,Train
Country108,STABLE DEM,1.539761066,NA,33.50387437,31.99914264,498.4453719,NA,NA,22.79600675,61.62872157,INSURANCE,5119.921511,12.38237761,Train
Country109,STABLE DEM,22.64326026,13.52272374,NA,34.01680367,493.8938144,60.35402218,14.23046598,22.78225934,58.38690554,PRIVATE,14620.42291,14.52619333,Train
Country110,UNSTABLE DEM,10.37536735,14.33892826,34.19744733,36.4681946,NA,52.69919093,NA,NA,58.34596262,INSURANCE,4527.402265,16.79347405,Train
Country111,STABLE DEM,181.8273995,14.05446548,31.37293824,36.74054796,494.8061467,63.06597701,12.06871047,16.73058102,55.50284187,INSURANCE,4986.546271,9.76074407,Train
Country112,STABLE DEM,16.70944945,12.91650123,NA,33.58466039,NA,63.08465713,NA,23.18094602,NA,INSURANCE,5205.480496,13.49841191,Train
Country113,STABLE DEM,47.41994551,12.16048959,32.80768145,31.3719331,490.2910312,53.0776767,16.23573217,25.14934382,56.46688863,INSURANCE,4767.150457,14.51547882,Train
Country114,UNSTABLE DEM,NA,16.89454489,32.47899758,37.63328037,NA,55.18611013,11.32077769,20.00499975,NA,INSURANCE,4816.868543,9.888358609,Train
Country115,STABLE DEM,17.58306163,19.52576276,34.44061157,33.53871713,496.5206884,61.93224109,10.0663782,19.77359132,59.01699486,INSURANCE,5144.7423,11.67577209,Train
Country116,STABLE DEM,528.2455762,14.35217838,38.05990212,35.90282285,508.9017888,56.25315946,16.84290664,24.99400595,61.20294537,INSURANCE,4872.568376,22.68739301,Train
Country117,STABLE DEM,35.17143732,11.39665914,NA,33.01299561,496.3088895,60.30372929,15.74387537,21.91049336,58.69103582,INSURANCE,5321.546227,13.44300835,Train
Country118,UNSTABLE DEM,20.07826901,16.43212658,33.19151902,34.00784821,494.0744631,51.00593877,11.84943552,24.16348323,60.4717196,FREE,NA,13.97291737,Train
Country119,OTHER,29.15144031,16.61030017,31.91398344,37.37396321,496.3687802,65.6008006,13.01398068,19.7953154,55.78890933,FREE,NA,13.83738573,Train
Country120,UNSTABLE DEM,51.55981642,13.76998471,NA,30.30861575,516.1998028,58.97488192,14.97680974,21.71026699,61.22269447,INSURANCE,4934.029382,19.10676721,Test
Country121,DICTATORSHIP,138.3175381,14.48228745,31.82733031,31.5071293,499.2585991,53.16049545,12.66503684,21.47431415,62.60022582,FREE,NA,12.45786577,Train
Country122,DICTATORSHIP,34.13671239,14.71556873,NA,37.14447142,494.2200377,53.24134412,13.0405132,21.15116442,66.31489627,INSURANCE,4932.036892,10.60878323,Test
Country123,OTHER,90.33204079,12.93907471,30.60803477,33.14738238,503.9451044,52.9277337,12.92352463,20.60700649,58.5841929,INSURANCE,5263.67874,15.32047727,Train
Country124,STABLE DEM,17.54015093,17.04603954,35.41140886,35.6976431,493.125938,51.38717499,11.86040908,22.04979303,60.62128816,INSURANCE,5217.530868,13.5569342,Train
Country125,STABLE DEM,25.4082222,16.76129,NA,35.24720982,492.9583518,52.47964962,11.4519966,24.648889,56.70579274,PRIVATE,14771.25693,15.57427221,Test
Country126,STABLE DEM,NA,14.17440964,NA,36.67062067,NA,NA,10.72715744,20.34560432,58.5384941,FREE,NA,16.01454789,Train
Country127,DICTATORSHIP,21.06220144,17.78316427,37.24882399,34.10775308,510.5293072,57.46045588,11.5806371,19.67160721,59.45387983,PRIVATE,14990.78157,16.35588863,Train
Country128,OTHER,45.88858247,13.15972381,NA,32.89416265,481.5097154,55.87437636,16.33530388,24.2854041,61.98211576,PRIVATE,14768.32668,8.076572554,Train
Country129,UNSTABLE DEM,192.766278,9.367667165,NA,33.20677332,505.1013584,56.43526947,17.68667823,26.26124465,60.2322456,INSURANCE,4857.268251,22.32528604,Train
Country130,DICTATORSHIP,34.52065428,16.89652916,33.65284226,34.27028369,490.636654,53.71884516,11.96667634,23.12117317,60.16942414,INSURANCE,4873.028472,14.15566672,Train
Country131,STABLE DEM,99.41118573,14.17311277,NA,33.49944295,516.8041944,58.1882131,15.85067377,23.54532932,62.1999391,INSURANCE,4842.256397,25.11500797,Train
Country132,UNSTABLE DEM,385.8457333,17.31797148,36.0089716,38.28196996,488.3060938,54.9692101,12.20729759,25.57652892,-99,INSURANCE,5098.733126,17.07191399,Train
Country133,STABLE DEM,19.04654,14.80109131,NA,36.75064666,506.4823395,55.76665162,16.46668597,26.72245886,59.04577826,FREE,NA,25.75537056,Train
Country134,UNSTABLE DEM,171.6071015,14.28415802,31.6865042,33.41368808,498.5693074,49.49859771,13.93423322,26.01507725,-99,INSURANCE,4905.37554,19.74753778,Train
Country135,UNSTABLE DEM,120.3448561,16.69438248,NA,36.11721825,504.5961767,57.04014012,13.46948562,24.42726482,62.96741543,INSURANCE,5181.440346,18.86197705,Train
Country136,UNSTABLE DEM,18.29688064,16.50501286,35.27699572,37.70116279,494.2250139,61.06304169,12.2652698,22.35072368,-99,INSURANCE,5072.88938,18.14795458,Train
Country137,STABLE DEM,170.63023,15.97940483,NA,34.23692052,494.4214828,54.76839293,11.73778438,23.40738318,62.35718246,INSURANCE,5212.49978,14.68986439,Test
Country138,DICTATORSHIP,10.3981605,12.62056166,NA,36.17953073,NA,NA,15.02935173,26.08513031,NA,INSURANCE,4908.336925,24.49560499,Train
Country139,UNSTABLE DEM,19.84541679,19.15199657,32.65938735,33.52906503,496.8983807,22.10341125,12.99798637,23.53446063,35.25655952,INSURANCE,5165.564395,23.72655692,Test
Country140,STABLE DEM,13.21928776,12.31107975,NA,-99,NA,57.82334551,NA,-99,-99,INSURANCE,4848.618906,4.551745651,Train
Country141,UNSTABLE DEM,50.48235313,16.38471783,32.24073177,33.1602153,500.2252896,52.54702931,10.47341013,18.99186688,61.95218688,INSURANCE,4771.547193,9.599776458,Test
Country142,STABLE DEM,34.44673073,15.2233248,NA,34.32429836,492.5461449,55.18728774,15.57746129,25.41514481,63.61099823,PRIVATE,14976.6136,15.59846578,Train
Country143,UNSTABLE DEM,6.709136945,NA,NA,41.4194544,NA,NA,11.4409686,21.11989625,63.88832671,PRIVATE,15432.64839,13.62128017,Test
Country144,STABLE DEM,6.866291761,15.65566131,32.31543782,NA,508.3369338,NA,10.88116617,20.16053332,NA,INSURANCE,4885.648996,16.72708377,Train
Country145,STABLE DEM,NA,15.06234415,33.08758195,36.07851083,489.2961694,NA,13.67831154,NA,64.40945279,PRIVATE,14224.30883,11.12499747,Train
Country146,--,NA,-99,NA,36.73636238,487.7855131,NA,NA,NA,62.16563958,FREE,NA,12.24217422,Test
Country147,STABLE DEM,57.52039172,12.79203924,31.39788413,37.64966967,496.8481648,63.78319101,13.90319023,19.00526079,56.50932739,INSURANCE,4952.095069,12.73451746,Train
Country148,UNSTABLE DEM,10.21204565,18.64091659,35.7928126,34.61800937,NA,NA,11.12766368,23.64416305,NA,PRIVATE,15577.47426,18.70090245,Train
Country149,UNSTABLE DEM,8.24977867,16.21213534,NA,NA,502.3238361,NA,14.64949101,NA,58.38963304,PRIVATE,14971.19595,21.46446796,Test
Country150,DICTATORSHIP,47.41550298,12.97527412,32.5364483,35.98014741,484.5145068,59.07187243,14.0811827,22.06539662,55.5469264,INSURANCE,5087.708759,10.17124097,Train
Country151,UNSTABLE DEM,32.69808177,14.31026662,NA,36.68525985,493.4510098,27.25063524,17.08238721,24.88657268,30.96333594,INSURANCE,5005.246974,27.75958608,Test
Country152,STABLE DEM,10.35747979,NA,NA,40.29574992,NA,53.00147424,13.67107801,NA,59.38681127,PRIVATE,15258.53223,21.04320508,Train
Country153,OTHER,23.33451515,12.72015886,NA,33.09003631,524.2175338,58.70138391,14.76548292,21.32611576,18,INSURANCE,5072.919995,25.17449699,Train
Country154,UNSTABLE DEM,26.21744177,9.991611342,NA,33.42154803,523.6033677,58.52965718,16.25260628,24.90380698,54.63113378,INSURANCE,5366.805085,31.16910132,Train
Country155,UNSTABLE DEM,68.03976173,13.73084339,NA,31.69418866,503.7704966,46.86364393,15.61105127,27.11441972,62.81328695,INSURANCE,5015.274217,20.32573816,Train
Country156,UNSTABLE DEM,1.909917778,NA,NA,32.27306376,NA,NA,NA,NA,NA,NA,NA,19.70914206,Test
Country157,STABLE DEM,NA,16.91563589,36.93208732,37.26581737,499.3033697,NA,12.02481474,25.67909955,NA,INSURANCE,5040.555299,21.16382773,Test
Country158,DICTATORSHIP,241.503058,14.89971168,NA,37.62855857,501.8291453,57.27416192,16.12360242,26.01824242,61.43131726,INSURANCE,5110.777552,23.14104898,Train
Country159,UNSTABLE DEM,7.569889311,13.07324478,NA,NA,496.6530942,51.62569415,14.51874483,NA,NA,FREE,NA,18.65880045,Train
Country160,STABLE DEM,96.21679077,12.80197618,NA,32.49283574,490.986541,55.73712667,16.82150887,27.48748689,62.10139407,PRIVATE,15413.54652,14.93576297,Test
Country161,UNSTABLE DEM,50.20299548,16.89290689,NA,40.09897184,505.4602774,60.3492114,14.01697532,21.07728521,-99,PRIVATE,14894.99012,19.64590578,Train
Country162,UNSTABLE DEM,NA,13.99350107,34.35774905,NA,498.6354014,NA,13.50168623,22.00826694,66.1986384,INSURANCE,4961.453073,13.42583638,Test
Country163,STABLE DEM,7.398431471,9.597443569,NA,NA,502.3301515,NA,NA,21.40479504,58.48364422,INSURANCE,5372.284957,14.50818355,Test
Country164,UNSTABLE DEM,86.83628335,13.52487413,36.27961624,29.57567847,491.6655265,53.02043147,15.04440847,26.47363415,59.69851076,PRIVATE,14889.76875,16.91118677,Train
Country165,STABLE DEM,21.65571926,13.89748675,32.50507209,32.02185429,500.3636251,65.23660852,14.74737704,19.54609698,59.91957171,FREE,NA,12.63511676,Train
Country166,STABLE DEM,17.88926647,17.87168973,NA,35.4831686,502.6463433,63.09804102,14.42088156,23.74904907,55.12113736,INSURANCE,4942.099422,23.01953124,Train
Country167,UNSTABLE DEM,75.73468765,11.99580442,NA,31.66593153,503.5647513,58.3597207,17.81260372,27.57719342,-99,INSURANCE,5290.104222,22.33568913,Train
Country168,UNSTABLE DEM,12.22747232,12.67074678,35.33219058,34.99111825,NA,58.38195514,14.65029646,NA,NA,PRIVATE,15929.04905,7.9253419,Train
Country169,UNSTABLE DEM,16.30150881,NA,35.94835691,NA,NA,62.29049571,14.98092462,18.62086872,-99,INSURANCE,5042.820622,14.88849635,Train
Country170,UNSTABLE DEM,100.6389794,13.82464027,NA,34.4629057,499.2996748,48.44597764,12.12818557,22.33085762,60.57052575,INSURANCE,4675.354888,18.00994954,Train
Country171,UNSTABLE DEM,89.16142449,14.97780754,32.29506703,32.7883464,504.0041678,56.25600787,13.86392174,22.21716224,57.15271588,FREE,NA,17.90208206,Train
Country172,--,6.717379696,NA,NA,37.21057277,485.8578101,NA,NA,NA,55.94284341,INSURANCE,4777.279593,10.99740214,Test
Country173,STABLE DEM,NA,14.13588087,NA,33.07973716,497.3388303,58.16686383,NA,20.27518211,NA,INSURANCE,5001.580362,10.64834946,Train
Country174,UNSTABLE DEM,5.069792212,13.65826907,NA,NA,NA,54.56118243,14.76259096,NA,-99,INSURANCE,4820.926116,14.38758246,Train
Country175,STABLE DEM,82.90481899,15.9716718,NA,36.49265806,491.5721113,49.50294491,13.25392192,26.72928156,63.88998397,FREE,NA,16.66639378,Train
Country176,STABLE DEM,67.55893731,20.0069356,39.30798914,35.26372303,507.3520316,52.9316212,14.55361133,24.22995287,60.79883452,INSURANCE,4824.693506,21.75258125,Test
Country177,OTHER,86.94926701,13.75096532,NA,37.16299784,503.1829106,59.52379276,16.19984537,23.94365771,56.14327596,INSURANCE,5088.878424,21.41961961,Test
Country178,UNSTABLE DEM,25.20697839,20.36976361,NA,36.83975955,496.152686,57.98994252,14.57389963,28.05636222,59.87625702,INSURANCE,4781.183053,23.32877072,Train
Country179,OTHER,63.4289494,17.07479979,33.81017778,35.74217064,491.0658205,56.82242259,11.19056431,21.40107248,57.36167125,FREE,NA,12.35684317,Train
Country180,DICTATORSHIP,NA,8.431922678,NA,28.56064131,513.1421062,59.92053227,16.45498596,NA,NA,INSURANCE,5008.618436,18.71698546,Train
Country181,DICTATORSHIP,46.42156668,18.33098468,33.42440922,37.04426814,494.0021809,53.46660099,12.27134656,28.59077673,59.55836055,INSURANCE,4726.845735,23.12457451,Train
Country182,UNSTABLE DEM,106.1482156,18.86819729,36.35423314,40.07382513,495.4463069,51.63767512,13.49258364,26.72187354,-99,FREE,NA,22.82566987,Train
Country183,STABLE DEM,NA,15.33401476,34.02850415,38.09202772,491.9717845,NA,13.47549539,NA,59.63216293,PRIVATE,14397.48968,13.86357834,Train
Country184,UNSTABLE DEM,16.01716506,13.6192466,NA,NA,505.3553138,NA,14.73997352,26.94790239,NA,FREE,NA,21.58016867,Train
Country185,STABLE DEM,24.74169303,14.46301446,NA,32.03402893,513.4902249,59.48170066,14.8576765,22.53031811,57.99438095,INSURANCE,5075.843247,21.65257123,Test
Country186,UNSTABLE DEM,44.04787328,19.46385832,41.033269,39.37613704,493.4655174,23.69955908,13.69449644,23.28191228,39.28609724,INSURANCE,4698.773848,23.22746406,Train
Country187,OTHER,16.96247529,NA,NA,31.80084429,NA,NA,12.83570101,23.56631934,63.18910572,FREE,NA,20.67156842,Test
Country188,OTHER,NA,NA,35.24972302,NA,509.7383172,55.62333692,12.87689779,22.63401082,57.2073303,INSURANCE,4956.355181,23.10662318,Train
Country189,STABLE DEM,NA,15.06579312,NA,33.70797627,NA,NA,13.57133157,22.39267668,63.76338827,PRIVATE,15139.45847,14.8689119,Train
Country190,--,NA,-99,32.37225069,NA,NA,52.54026123,NA,23.0014817,59.08274856,INSURANCE,4941.4995,9.88644215,Train
Country191,STABLE DEM,165.3528191,14.81710505,34.39749977,33.24057842,487.7121546,54.08834172,16.19064597,30.02004368,53.43458083,INSURANCE,4830.775292,21.15211732,Train
Country192,STABLE DEM,NA,11.51831849,33.39637442,33.86040184,483.1511189,55.04994457,NA,25.60210612,NA,INSURANCE,5085.295442,11.61481774,Test
Country193,STABLE DEM,18.85503157,15.21986123,34.18638893,33.07242101,502.693185,51.72061072,13.19001259,22.34920983,62.33344973,PRIVATE,15228.95971,16.61199318,Test
Country194,STABLE DEM,41.39126051,15.61145484,NA,31.45577119,499.7553335,60.34752625,14.83879623,23.13531053,64.14092627,INSURANCE,5031.533194,14.11070777,Test
Country195,UNSTABLE DEM,23.25692687,13.00327904,NA,37.52477983,489.4088488,52.87918659,14.72213834,25.83828912,-99,PRIVATE,15863.15783,15.56676933,Test
Country196,OTHER,13.1503859,NA,NA,NA,512.8893244,58.96168166,9.977846279,17.15429044,NA,INSURANCE,4855.713977,14.4431865,Train
Country197,OTHER,15.86280787,NA,39.13054361,NA,484.1423273,22.04312581,11.03052179,NA,40.58777104,FREE,NA,16.13804818,Train
Country198,OTHER,42.46069897,17.26434632,NA,37.79940746,505.058008,51.64861107,11.67737413,24.56338914,59.12906515,PRIVATE,15794.3471,23.3230487,Train
Country199,STABLE DEM,38.75289217,9.994572678,NA,36.5542109,489.5411926,58.17593313,15.89344829,20.99125985,58.61250303,FREE,NA,12.28669016,Test
Country200,STABLE DEM,NA,15.77929475,NA,NA,NA,59.12791043,15.72394108,23.73557586,65.3215647,INSURANCE,4689.65193,22.66084937,Test
Country201,DICTATORSHIP,85.60248329,13.58963148,NA,34.26422488,503.7799782,59.80581926,13.42863621,22.78895211,52.17501627,INSURANCE,5145.347618,21.8488383,Train
Country202,STABLE DEM,6.36844848,19.15523364,35.39433192,NA,486.4475148,NA,NA,20.94395674,58.10182567,INSURANCE,4784.910991,10.47961372,Train
Country203,STABLE DEM,6.147972431,16.41074507,NA,NA,518.0572371,NA,15.34706556,24.29168643,NA,INSURANCE,5164.664042,28.13052936,Train
Country204,UNSTABLE DEM,65.1926335,19.4738578,35.72300345,38.72031389,522.4249155,51.7597244,12.1120141,17.68538969,62.61705856,INSURANCE,5352.618335,21.78327123,Test
Country205,DICTATORSHIP,31.34792133,15.19337822,NA,34.16870797,511.1704302,55.89579848,13.30380718,25.26955942,54.57272448,INSURANCE,5097.408392,25.3155833,Train
Country206,UNSTABLE DEM,NA,NA,29.66628216,32.80524863,501.2892999,48.83646014,NA,22.22317888,57.82043939,FREE,NA,13.69309573,Train
Country207,UNSTABLE DEM,65.91344541,17.4354643,NA,33.33135293,487.856802,50.85315213,11.31941602,21.08592657,64.26333292,INSURANCE,5164.627988,6.711692599,Train
Country208,UNSTABLE DEM,17.15380379,12.78260409,NA,30.39928708,488.9199441,51.18290228,12.58345997,19.58473186,65.95029369,INSURANCE,5015.359121,4.555458067,Test
Country209,UNSTABLE DEM,27.09968906,14.00488833,NA,29.80857686,497.1199567,56.61227879,14.97017071,24.79951067,60.83691249,INSURANCE,4845.54955,14.00592658,Train
Country210,STABLE DEM,31.56659124,15.47672829,NA,35.06775868,511.8499879,52.9111607,14.49937144,21.51333397,64.75314363,FREE,NA,18.40664488,Train
Country211,DICTATORSHIP,NA,NA,33.64723955,-99,509.6740777,NA,12.85260069,-99,-99,PRIVATE,14498.57379,15.83359825,Train
Country212,UNSTABLE DEM,234.3758424,14.19053647,34.35011281,35.37908597,501.8509931,55.66483226,11.24864637,17.3456606,-99,PRIVATE,14865.38476,12.1169807,Test
Country213,STABLE DEM,0.803276582,NA,NA,NA,497.7194132,58.89390672,14.25049534,NA,58.15062268,FREE,NA,19.5495881,Train
Country214,STABLE DEM,NA,15.42301607,NA,NA,487.0235238,NA,14.44837751,22.75934153,57.53963436,INSURANCE,5351.660561,12.42724575,Train
Country215,UNSTABLE DEM,129.8098809,14.27259218,NA,31.60400705,510.9589568,48.37535702,15.4220649,28.5727056,53.5997727,PRIVATE,14842.05678,29.0317221,Train
Country216,UNSTABLE DEM,NA,NA,NA,35.38149056,NA,51.95104764,14.02420619,23.36342069,58.26614456,INSURANCE,5023.314213,24.05939784,Train
Country217,STABLE DEM,20.38344266,13.96329692,NA,31.0714173,477.5940873,53.81277654,15.3156463,23.46121323,56.81849323,INSURANCE,5053.136624,8.920633768,Train
Country218,STABLE DEM,49.71768669,11.65247576,30.54686853,35.19857965,489.1737598,63.02452857,16.06423303,23.05229096,58.51503174,PRIVATE,15004.50856,12.85518288,Train
Country219,UNSTABLE DEM,13.05485739,NA,NA,NA,511.9284323,NA,13.82942361,23.14187303,62.88541692,FREE,NA,17.68082876,Test
Country220,STABLE DEM,NA,13.45823169,33.75405852,36.84206594,NA,51.78128042,15.33630332,21.04297136,NA,INSURANCE,5100.376133,18.94218093,Train
Country221,UNSTABLE DEM,17.71225478,13.65798729,NA,35.85605861,505.722282,55.48262985,18.11292179,25.88895627,-99,FREE,NA,27.76206964,Train
Country222,UNSTABLE DEM,NA,NA,NA,29.57674997,496.4019424,54.29263726,NA,25.88284734,18,INSURANCE,4707.600748,17.64100002,Train
Country223,UNSTABLE DEM,95.22290888,14.55685647,NA,37.07026344,509.258026,58.64493653,13.79352276,17.33516154,-99,INSURANCE,5166.861976,14.07933844,Train
Country224,OTHER,156.0635124,16.01971627,NA,36.75030415,507.2744121,52.87035549,12.5867708,23.32187549,57.58886308,FREE,NA,23.66689735,Train
Country225,UNSTABLE DEM,21.30024431,12.29558618,28.82295347,33.37038103,501.0752655,59.17906745,13.64053454,18.59821869,62.42239923,INSURANCE,4589.737636,10.79887232,Train
Country226,UNSTABLE DEM,134.3351128,15.2612321,36.44244961,33.99850158,503.1577629,55.39173567,14.72057211,23.31838806,65.25240516,INSURANCE,5088.84111,16.309099,Train
Country227,OTHER,74.16235393,13.31334244,32.26563849,33.62418719,509.5922829,55.84566005,13.51406005,21.15535858,62.28104321,INSURANCE,4859.46126,19.20447555,Train
Country228,UNSTABLE DEM,63.7202906,11.51304737,29.57052787,32.93331177,491.3412397,59.08460004,15.55537968,23.87653479,56.00191329,INSURANCE,4928.140089,15.07571186,Test
Country229,UNSTABLE DEM,NA,NA,36.24753915,37.09258087,498.7634713,NA,14.50492354,23.62092637,60.97762362,INSURANCE,4797.103326,17.6796887,Test
Country230,OTHER,12.77817461,NA,NA,31.27086196,NA,52.5712831,15.69435423,NA,62.32758235,PRIVATE,14432.40599,13.53651667,Test
Country231,UNSTABLE DEM,39.66039119,14.35351552,NA,35.63911746,483.8803833,50.42528396,15.14771687,26.57140271,60.81649428,PRIVATE,14507.26106,14.08994923,Test
Country232,UNSTABLE DEM,182.1685602,13.81198203,31.93215281,33.03171856,519.5273491,19.90825732,15.45975509,21.81029236,39.93926429,FREE,NA,28.39031552,Train
Country233,STABLE DEM,192.7937818,17.08539362,34.5040093,37.00629599,510.128522,51.58989594,12.80758842,24.28967093,59.64608613,INSURANCE,4861.359409,24.84544842,Train
Country234,STABLE DEM,10.22561388,NA,34.31256927,-99,NA,58.51554554,17.00091442,-99,-99,INSURANCE,4995.081293,22.67929241,Train
Country235,UNSTABLE DEM,50.63206538,15.35553371,36.63059215,32.33370997,509.6347777,52.76786373,14.22305736,22.52868754,-99,PRIVATE,14571.33353,17.95681207,Train
Country236,UNSTABLE DEM,151.7936662,17.17989428,NA,35.28592649,509.2762525,54.43781029,12.10831903,24.2327239,61.64883872,INSURANCE,4779.909247,21.74007254,Train
Country237,STABLE DEM,181.5763936,14.89421864,31.25671964,31.86855575,507.6649024,49.42239727,13.13997227,21.31237893,64.80694035,INSURANCE,5057.439597,17.88030193,Test
Country238,UNSTABLE DEM,17.8548738,14.0028741,NA,36.34257097,504.5943943,22.35241714,14.10453261,19.2591491,35.16827842,INSURANCE,4984.587581,25.53165769,Train
Country239,STABLE DEM,532.2382059,11.86666624,31.92427038,36.12851576,489.4085479,58.67294501,14.03674296,21.76624172,56.7799399,INSURANCE,5115.135004,12.10711104,Test
Country240,UNSTABLE DEM,18.25475227,14.53589304,NA,33.20386196,505.1826711,58.30336505,16.39998681,23.72797507,55.23216481,INSURANCE,4769.23487,21.31777895,Train
Country241,STABLE DEM,NA,14.78001188,NA,36.35176984,NA,56.63015359,14.66481676,22.63013881,NA,FREE,NA,14.36479275,Test
Country242,UNSTABLE DEM,233.5451521,16.67936586,NA,37.56207627,499.277957,55.13037021,16.58573442,28.43860581,59.78776115,PRIVATE,15328.11992,24.68239077,Test
Country243,UNSTABLE DEM,NA,NA,35.73512392,35.61397719,522.6277701,56.95371173,14.25532656,24.00184022,NA,INSURANCE,5162.695561,29.64464184,Train
Country244,STABLE DEM,18.0379115,14.39809069,NA,33.04652114,489.2819334,56.28434684,15.99149332,25.86458808,60.68466361,INSURANCE,4914.478566,15.45552805,Train
Country245,STABLE DEM,9.123997996,NA,34.65768927,NA,497.8141473,57.71364651,15.19839031,NA,60.96739805,PRIVATE,15519.26646,12.86532238,Train
Country246,STABLE DEM,360.8874801,13.68634677,33.36245788,35.86806617,495.3860059,52.71790162,14.71809735,23.89587463,64.59169794,PRIVATE,15627.36002,13.95435037,Test
Country247,--,8.62449001,-99,NA,NA,501.6669927,56.16536652,NA,NA,65.26256657,INSURANCE,5256.779337,12.01936943,Train
Country248,DICTATORSHIP,17.17407621,11.0269253,NA,33.45247086,513.1988854,59.37540238,14.96159559,20.74981353,55.7812358,INSURANCE,5063.211478,21.79914251,Test
Country249,STABLE DEM,4.957924543,13.70852911,34.07141304,37.38719666,488.5065051,57.52705362,NA,NA,NA,PRIVATE,14711.63786,13.1175836,Test
Country250,STABLE DEM,82.806078,14.50213472,NA,36.69676071,510.5797877,51.90472942,12.33627727,18.18585976,57.28104538,FREE,NA,19.26959754,Train
Country251,UNSTABLE DEM,32.98515855,18.17663087,38.64320856,37.26280634,506.8505685,54.13915349,14.65614881,23.58408241,61.30909475,INSURANCE,5154.053178,20.45269442,Train
Country252,DICTATORSHIP,1.609422625,NA,34.82187647,NA,502.3286234,62.32090134,13.7703176,NA,59.35872407,PRIVATE,14552.02419,10.96964156,Train
Country253,UNSTABLE DEM,53.09416925,13.58147093,32.49298559,34.54899264,503.2918229,52.80153291,15.78916848,25.47444787,64.25024054,INSURANCE,4950.868149,21.13496803,Test
Country254,UNSTABLE DEM,106.2195398,16.11002246,NA,33.74171228,501.8263817,49.01244489,13.27539276,23.29653775,63.03845713,INSURANCE,4988.733683,16.51557752,Train
Country255,STABLE DEM,22.14185364,12.85931449,NA,34.38651113,495.8773822,50.26538622,12.06385919,22.87714408,60.38692776,INSURANCE,5214.964093,16.16424347,Train
Country256,STABLE DEM,37.65444416,10.87722112,33.97884492,33.59012445,500.9363764,54.2981433,16.11452224,22.79616339,55.16429694,PRIVATE,14846.56012,16.03126956,Train
Country257,STABLE DEM,3.931051396,NA,NA,37.05498652,NA,61.41541322,15.00459794,23.30111067,NA,INSURANCE,4778.845212,21.75270831,Train
Country258,STABLE DEM,62.80424187,13.28298167,31.15720282,32.07856843,509.001554,53.2306452,12.07213416,23.57051797,57.55165225,FREE,NA,20.26570602,Train
Country259,OTHER,363.8555232,15.55985731,36.46829636,31.33039143,490.035128,53.27323546,13.55343833,24.97760394,60.55178723,PRIVATE,14858.98816,13.89510508,Train
Country260,OTHER,30.03754143,10.57799073,NA,34.75064654,516.9941377,61.52783395,16.36825178,21.01625192,57.88216792,PRIVATE,14844.99903,23.63109485,Train
Country261,STABLE DEM,39.76669901,15.3062008,NA,36.9955088,511.5110814,61.65496579,13.18724949,17.3213078,59.87429732,INSURANCE,5085.020502,16.06966119,Train
Country262,STABLE DEM,5.350414942,13.21181966,NA,35.82469077,NA,NA,17.41811046,24.07333432,NA,INSURANCE,5244.327078,21.83516677,Test
Country263,STABLE DEM,22.68007825,14.55200633,36.51182403,35.55785947,505.6139029,54.58972502,14.64602729,22.79726468,58.05931462,INSURANCE,4975.429813,23.10231366,Train
Country264,DICTATORSHIP,69.03234917,15.97012792,34.63190896,37.34829437,485.5184546,56.73575242,13.55796579,20.80268367,64.41279125,PRIVATE,14355.38485,8.799067185,Train
Country265,UNSTABLE DEM,354.9069027,14.63009554,NA,36.64226118,506.3373473,57.91373155,13.75417071,21.00224713,-99,INSURANCE,4676.383311,20.14682746,Test
Country266,STABLE DEM,3.389785851,NA,32.08459443,NA,498.7001148,NA,12.63127948,23.18202418,55.99917827,INSURANCE,4959.647223,18.22749871,Train
Country267,UNSTABLE DEM,469.1809773,16.26537381,NA,34.05046802,490.1437385,52.51631441,11.90311524,25.07148614,63.12920286,FREE,NA,12.20074547,Train
Country268,STABLE DEM,35.96550655,15.50654525,34.35331441,36.69817776,487.0995848,49.42781261,13.84931735,26.75520757,64.25600351,INSURANCE,4867.836934,17.73749123,Test
Country269,STABLE DEM,49.44696525,17.29047883,NA,33.45106215,483.3126477,54.57792446,14.0265193,24.8378745,60.72187389,INSURANCE,4845.289822,11.76322995,Test
Country270,STABLE DEM,4.702331875,NA,NA,-99,NA,54.46930088,12.10151689,-99,-99,INSURANCE,4890.482763,15.03557654,Train
Country271,--,12.18612716,-99,35.06848972,NA,NA,NA,NA,21.94721861,59.51908387,INSURANCE,5300.412323,16.31844132,Train
Country272,STABLE DEM,186.1240026,16.80771633,NA,34.41448088,505.3571134,52.73059899,11.30322837,21.57094009,56.18051191,INSURANCE,5237.356957,20.51756753,Train
Country273,OTHER,9.197907561,11.36856563,32.21679034,38.11300862,NA,56.34203481,14.56820753,NA,NA,FREE,NA,20.87176048,Train
Country274,UNSTABLE DEM,38.30748261,15.12425064,36.15913359,34.11182854,494.4122561,50.88181322,12.63536231,23.39533281,58.70075037,PRIVATE,15215.07751,14.89295145,Train
Country275,UNSTABLE DEM,49.49982593,14.34642147,NA,35.36059648,500.2985041,54.0718216,14.81241529,20.79594695,60.63032758,INSURANCE,5123.604296,14.12494344,Test
Country276,UNSTABLE DEM,NA,18.09049518,NA,NA,515.5046725,59.28566363,13.06312219,19.85676746,NA,INSURANCE,4890.172084,21.33578823,Test
Country277,STABLE DEM,NA,16.85431455,37.03230085,32.316626,502.9056544,NA,13.45118641,NA,59.73501966,PRIVATE,15230.47911,19.16041529,Train
Country278,OTHER,520.6727531,16.58517392,NA,35.91006725,504.3546154,54.80269594,13.25768368,24.13878075,60.71354491,INSURANCE,4982.828955,21.30882519,Test
Country279,OTHER,40.87143632,11.05638852,33.51614543,30.15190889,499.9665318,47.86834863,15.1237745,24.0011682,62.07436377,INSURANCE,5387.504568,14.80771542,Train
Country280,STABLE DEM,20.42022752,16.51348028,NA,37.35375538,507.9197234,21.40406042,14.81728636,23.8066732,32.85915682,INSURANCE,4765.645898,35.68207317,Train
Country281,UNSTABLE DEM,5.528549232,14.66716843,32.93061559,NA,NA,60.82432545,NA,21.90872296,65.63729146,INSURANCE,4895.504018,11.43784786,Train
Country282,STABLE DEM,NA,12.91925333,NA,NA,497.97124,59.87086974,13.93515536,NA,58.34043169,INSURANCE,4712.113067,18.65119099,Train
Country283,UNSTABLE DEM,102.7927769,12.69701086,NA,32.65264071,503.5864514,53.02672523,17.72161576,27.51460097,57.56000956,INSURANCE,5296.158895,24.15493097,Test
Country284,UNSTABLE DEM,40.11073956,12.82105851,NA,33.64089154,494.0352592,52.09493791,13.08326886,21.80181947,57.35078318,INSURANCE,5114.861318,13.77216328,Test
Country285,--,NA,-99,NA,33.55567255,NA,NA,NA,NA,NA,NA,4612.68439,14.11826102,Test
Country286,UNSTABLE DEM,7.382984113,16.27751347,NA,NA,506.2829209,NA,NA,24.50565459,-99,INSURANCE,4833.100366,21.92191523,Test
Country287,--,NA,NA,34.20484174,38.61532556,484.1497267,52.1293539,NA,22.07018151,NA,FREE,NA,10.83227226,Test
Country288,UNSTABLE DEM,59.13061299,11.21738146,NA,31.09534745,505.4169011,53.40366155,17.06841405,26.93789943,62.29213981,INSURANCE,4813.609671,22.26892382,Train
Country289,OTHER,14.98963372,NA,NA,37.31916771,496.0598764,NA,NA,21.41009612,55.30478559,INSURANCE,4802.118081,17.28327219,Train
Country290,UNSTABLE DEM,26.97102091,16.75231936,NA,30.78286479,510.5604329,53.3798059,13.47091381,25.494895,58.27964927,INSURANCE,5144.752394,24.00284029,Train
Country291,UNSTABLE DEM,23.43394252,15.84333482,33.72782071,34.16695073,508.4693199,64.02623995,14.68167086,20.25495039,59.72457517,INSURANCE,5117.218303,17.4541907,Train
Country292,STABLE DEM,15.85428046,NA,34.32595125,37.53902554,NA,62.16889659,15.61532286,18.89995659,NA,INSURANCE,5058.435565,17.4766704,Train
Country293,UNSTABLE DEM,164.8583455,14.30848618,NA,38.77266849,521.367313,58.67815278,15.36774284,20.51058524,63.83253446,FREE,NA,24.44589631,Test
Country294,--,0.750262797,NA,NA,33.24001056,NA,NA,NA,24.36442191,59.03161006,PRIVATE,14635.02754,16.50983514,Train
Country295,STABLE DEM,29.1223993,15.16109254,NA,37.63737699,507.6612647,58.47929931,15.01656705,23.99752266,61.36142279,INSURANCE,4806.138634,20.74967484,Train
Country296,UNSTABLE DEM,32.16485144,14.06243179,NA,34.93909852,502.5330586,18.06937419,14.3083355,20.89196164,36.04878943,INSURANCE,4744.995633,24.68122551,Train
Country297,OTHER,350.4863948,13.08926622,NA,37.37662956,503.5104521,62.06696592,18.61467481,27.28652274,53.9849184,INSURANCE,5066.548176,27.28354924,Test
Country298,STABLE DEM,74.55568445,11.31073312,NA,33.32051929,505.7200217,49.73824487,15.92802318,24.84285679,62.85919209,PRIVATE,14549.51722,20.53011374,Train
Country299,STABLE DEM,16.10703308,16.71503943,34.91719861,33.62121827,NA,54.41659095,14.08437057,NA,NA,INSURANCE,5102.075103,21.35000907,Test
Country300,STABLE DEM,9.041808048,15.51336421,NA,NA,NA,NA,13.08273136,25.43956807,57.44666268,INSURANCE,4973.345738,22.54428374,Test
Country301,STABLE DEM,34.29995815,16.24701179,NA,38.83392249,492.7345368,52.41412762,13.71154486,26.05672666,61.67943925,PRIVATE,14764.37994,18.55328754,Train
Country302,UNSTABLE DEM,31.11637963,13.47228059,NA,37.07663602,497.4101764,54.6303261,13.84531686,18.92897608,64.44659589,FREE,NA,10.96576753,Train
Country303,OTHER,11.55971303,15.44688438,NA,NA,492.1058962,NA,11.48872967,23.97937529,NA,PRIVATE,15128.3018,16.2651425,Train
Country304,STABLE DEM,13.66278156,14.54054092,NA,NA,NA,NA,13.61265124,21.30152756,56.78038515,INSURANCE,5194.862331,18.0480455,Train
Country305,OTHER,28.61472702,16.61880055,37.58505033,34.61812794,508.1630123,47.09305753,14.12409161,26.43112116,62.11317815,INSURANCE,4582.142907,24.51237221,Train
Country306,STABLE DEM,NA,NA,NA,30.15626025,491.5788832,55.59405342,13.16425661,NA,63.17776999,INSURANCE,4936.354707,9.284142987,Train
Country307,STABLE DEM,38.65125555,11.82947296,NA,35.03038499,493.3819917,24.36266018,13.27642625,19.79857937,36.11913968,INSURANCE,4974.512053,20.41363897,Test
Country308,OTHER,8.199193103,NA,NA,NA,498.7131037,55.69523321,14.50891047,25.78511524,NA,INSURANCE,5067.140378,20.08082785,Train
Country309,UNSTABLE DEM,18.16797016,13.48821698,33.64334244,31.01135801,493.7833284,48.10179016,13.60942735,26.32320781,59.26477672,INSURANCE,5135.423524,17.68942974,Train
Country310,STABLE DEM,59.59005335,15.66818836,NA,33.43398571,499.7232223,55.0628168,12.52950336,22.36682112,59.1176293,INSURANCE,4835.207362,14.67821106,Train
Country311,UNSTABLE DEM,68.46604887,17.00364359,36.69380902,41.14038549,501.3386061,57.28490025,12.16997763,18.70803051,-99,INSURANCE,4826.006958,14.93889316,Train
Country312,UNSTABLE DEM,8.258021665,14.00877853,32.7346159,NA,507.7006123,60.16513751,NA,24.85671932,NA,FREE,NA,22.99390297,Train
Country313,UNSTABLE DEM,4.000255838,17.35143891,NA,-99,NA,52.33500284,NA,-99,-99,INSURANCE,4828.029273,16.51498558,Train
Country314,STABLE DEM,NA,15.7841922,NA,NA,517.7406451,63.4801752,NA,20.52432085,53.89775195,INSURANCE,4740.109518,25.79611829,Train
Country315,UNSTABLE DEM,NA,17.38657522,NA,NA,NA,61.76204532,11.93012203,23.31679473,56.5767585,INSURANCE,5174.183721,24.71656201,Test
Country316,STABLE DEM,26.32808238,12.62859057,32.06656567,33.67359933,506.8345686,59.23631566,15.08613817,24.45566449,18,FREE,NA,21.80393142,Test
Country317,UNSTABLE DEM,40.62879429,15.04668377,NA,32.72783315,480.8903984,50.85664872,11.65251484,21.47162293,64.39166711,INSURANCE,5132.362696,5.55353661,Train
Country318,STABLE DEM,21.71515534,12.51849285,NA,32.17980165,502.3877945,61.76307688,17.81825346,22.54733939,62.22348908,PRIVATE,14902.77703,16.12902621,Train
Country319,UNSTABLE DEM,7.70866199,18.66504869,35.04317553,NA,505.7922092,NA,12.02464429,21.89801825,NA,INSURANCE,4839.785149,22.248838,Train
Country320,STABLE DEM,39.78930129,15.17229004,NA,36.94861409,503.2861532,62.55143984,17.29228152,24.37582915,59.18896104,FREE,NA,21.75265805,Train
Country321,STABLE DEM,26.29524704,14.65619759,NA,33.42549121,493.2059813,51.62792086,14.30948202,26.06887416,62.26504648,PRIVATE,15528.08695,15.28925069,Train
Country322,STABLE DEM,NA,NA,NA,NA,498.8574431,59.11671511,13.90349689,19.98262153,59.52088382,FREE,NA,14.46426898,Test
Country323,STABLE DEM,28.73791661,12.06947581,32.05372088,36.2410222,507.456002,55.35206151,18.22661169,26.43474907,64.39153389,INSURANCE,4904.896875,25.57466777,Train
Country324,STABLE DEM,44.99761121,15.00613364,35.67414007,34.86313421,483.1414673,53.18422412,14.63800812,21.12308042,64.03494584,INSURANCE,4919.215414,6.992496748,Train
Country325,OTHER,16.91133756,NA,NA,NA,492.2265099,50.92588635,NA,26.97800525,58.69279272,INSURANCE,4781.219719,15.04861563,Test
Country326,OTHER,52.18963067,13.63540872,NA,33.67427057,488.1835489,54.75212381,14.20810096,26.17281299,58.76412093,INSURANCE,5517.853039,14.86810812,Train
Country327,UNSTABLE DEM,32.62404894,15.42907892,35.28825415,34.78782433,503.4323326,55.14383753,14.13429066,23.02423226,-99,PRIVATE,15317.64892,18.05382207,Train
Country328,UNSTABLE DEM,22.36173534,14.82031215,NA,36.1200815,496.9614392,57.10664576,11.91128026,17.85701871,66.57945453,INSURANCE,5410.848237,6.887925227,Train
Country329,UNSTABLE DEM,79.66504575,16.45490742,NA,35.8206625,502.8359759,55.22752946,11.45566367,21.05890763,57.97930237,INSURANCE,4683.394172,16.12877967,Test
Country330,DICTATORSHIP,22.86622423,15.8189597,NA,36.96104765,497.3933018,59.0500678,13.32560908,22.89337711,58.65904217,PRIVATE,14332.0227,16.84054576,Test
Country331,UNSTABLE DEM,36.37579851,14.91467047,NA,33.68462449,489.0226977,52.5760208,15.17401048,25.0578633,-99,INSURANCE,4972.898941,12.69774478,Train
Country332,STABLE DEM,68.84383944,11.19077325,28.97226553,32.85879725,503.0650073,58.16003355,15.33519699,23.00897698,58.09607778,INSURANCE,4992.494378,19.2936759,Train
Country333,UNSTABLE DEM,19.8546982,14.54893631,NA,34.6661434,504.2703721,57.55609893,13.74246833,21.60497456,-99,INSURANCE,4576.744622,18.72340243,Test
Country334,STABLE DEM,46.14617882,9.915907385,30.48754877,30.20323875,498.9849106,53.86642121,16.67608604,25.72055317,62.19530718,INSURANCE,4800.16551,14.98105368,Train
Country335,DICTATORSHIP,50.21247307,17.86268295,NA,35.80372111,499.2135563,63.89081754,12.56820693,20.05551264,60.59349676,PRIVATE,14117.43386,13.24116147,Train
Country336,--,NA,NA,30.15619706,34.00853195,500.435487,NA,NA,23.66237312,57.88205852,INSURANCE,5435.351531,18.51119145,Train
Country337,UNSTABLE DEM,45.94855537,13.94714601,33.12144889,34.45081477,501.1049417,58.33562918,14.2610805,22.16797412,59.42062755,PRIVATE,15539.80627,14.56172336,Train
Country338,UNSTABLE DEM,164.837237,14.60151772,NA,38.14328099,481.6543338,53.422132,12.90843601,21.95620318,65.23253207,INSURANCE,4868.588875,9.329327249,Train
Country339,UNSTABLE DEM,54.08286253,18.13283556,NA,39.07446517,490.7338357,55.59667404,9.527534969,20.99865614,59.6655209,PRIVATE,15098.94099,12.69521717,Train
Country340,UNSTABLE DEM,NA,15.47651439,NA,35.33358836,503.1114796,55.4410132,NA,22.64301358,NA,INSURANCE,5126.19481,21.08003461,Train
Country341,STABLE DEM,2.976845455,NA,NA,-99,NA,NA,13.74062136,-99,-99,INSURANCE,4668.362512,14.29328844,Train
Country342,STABLE DEM,53.86376521,12.70538997,35.13632832,32.24104344,493.9084485,55.60499455,14.6564466,21.63364053,18,INSURANCE,4955.720606,9.530924617,Train
Country343,UNSTABLE DEM,179.6979698,15.74487272,NA,34.40320108,499.8340968,54.03588392,13.66162359,22.09540785,64.20551705,INSURANCE,4494.043468,16.25937058,Test
Country344,OTHER,32.23418098,14.08779873,NA,32.31266467,506.7491445,26.34558768,15.67889777,19.46657206,40.36590035,PRIVATE,14885.81,20.09722089,Test
Country345,UNSTABLE DEM,49.04690963,15.27663091,NA,37.27894491,500.6680957,56.61793393,14.59258499,21.66721674,62.57675073,FREE,NA,17.8294415,Train
Country346,UNSTABLE DEM,15.66709861,15.32393385,31.07473223,28.77835151,NA,NA,10.06771519,17.58450866,NA,FREE,NA,4.851093386,Train
Country347,STABLE DEM,20.53301816,16.52712247,NA,33.83976226,496.126703,54.11993775,12.02133536,22.91675968,53.47088978,INSURANCE,5178.023827,17.71342091,Test
Country348,STABLE DEM,19.92058247,19.78565971,NA,40.17557417,504.8688094,55.09152203,9.700871043,22.29690382,58.10112392,INSURANCE,5098.01645,22.96303072,Train
Country349,UNSTABLE DEM,235.2283088,15.41602704,34.54091079,36.38261823,494.7745156,53.86693052,10.66257362,21.477363,-99,FREE,NA,17.99239003,Test
Country350,UNSTABLE DEM,4.88801939,14.80618657,NA,32.42369281,NA,NA,13.7145011,NA,61.82564769,INSURANCE,5045.437983,18.67269705,Train
Country351,STABLE DEM,123.8575825,14.78697617,NA,35.60364183,491.3650268,59.67326063,14.84060947,22.66881052,57.45236527,INSURANCE,4868.299214,13.887911,Test
Country352,UNSTABLE DEM,46.45988278,12.7244684,NA,31.14793175,489.3969365,48.46297127,11.92948077,21.31743735,58.7345019,INSURANCE,4883.522149,9.481442078,Train
Country353,UNSTABLE DEM,14.68992893,NA,31.1224472,NA,517.4150712,56.27029918,NA,20.21073521,61.10533194,INSURANCE,5202.590577,19.35160296,Train
Country354,STABLE DEM,NA,12.87014433,NA,-99,491.8422237,NA,15.00871337,-99,-99,FREE,NA,10.73824209,Train
Country355,STABLE DEM,9.768125171,15.03659153,NA,NA,NA,NA,14.68853288,23.19007482,60.15051169,INSURANCE,4719.977014,19.88427977,Train
Country356,DICTATORSHIP,15.1335375,9.384115564,NA,NA,NA,NA,NA,NA,NA,NA,5307.524997,17.51709658,Test
Country357,UNSTABLE DEM,14.41448366,15.49212818,NA,NA,498.6326082,60.98202847,11.43755147,NA,NA,INSURANCE,5221.784117,11.20358625,Train
Country358,UNSTABLE DEM,NA,14.99853425,NA,35.15846376,515.7612632,57.06407878,NA,21.81804066,NA,PRIVATE,14708.62086,20.72864005,Train
Country359,UNSTABLE DEM,23.728725,20.23580857,34.80654281,35.58253864,524.525652,55.23603797,11.74255454,25.58697619,61.11424192,INSURANCE,5039.675616,30.26317639,Train
Country360,STABLE DEM,14.02591248,12.72650005,NA,NA,489.5848601,NA,13.35617269,16.67765775,NA,PRIVATE,14009.71311,4.252809846,Train
Country361,UNSTABLE DEM,32.12924394,13.73754549,NA,35.81391749,490.8160292,60.11998378,15.54559877,22.53590969,56.09437325,INSURANCE,4942.206094,15.29730361,Train
Country362,DICTATORSHIP,3.469090857,16.91248404,NA,NA,496.0632325,54.28584766,NA,NA,66.63220968,INSURANCE,5102.001725,12.48434384,Test
Country363,UNSTABLE DEM,NA,16.30169372,32.26961825,38.60533557,498.1090005,53.15205813,14.02173635,NA,NA,INSURANCE,5314.497573,19.423175,Train
Country364,UNSTABLE DEM,NA,NA,31.93879888,39.99195033,511.7397013,NA,12.88803203,18.63791914,-99,INSURANCE,5334.456385,18.56009195,Train
Country365,OTHER,85.4445536,20.1262694,NA,40.55009506,492.8562324,56.90214355,13.74506611,25.2970115,60.5161094,PRIVATE,14217.7395,18.65377121,Test
Country366,DICTATORSHIP,69.44365571,19.14562165,NA,36.67468557,507.2710496,49.4423885,11.89207841,22.5324917,62.77600228,INSURANCE,4747.565132,20.35503816,Test
Country367,OTHER,23.16028128,18.20525818,37.09176881,41.75829782,517.1787535,56.57924964,13.14902725,23.35256226,61.66710172,PRIVATE,15050.19792,27.4771983,Train
Country368,STABLE DEM,50.66587001,19.93492444,NA,35.40202992,500.873486,53.66864683,12.49318363,26.11650703,63.8768046,PRIVATE,15200.61026,17.13821929,Train
Country369,STABLE DEM,28.41562844,14.43527944,NA,38.60768713,491.5973763,55.82365664,15.61883678,23.90771177,58.05572316,INSURANCE,4928.336088,15.8516656,Train
Country370,UNSTABLE DEM,702.5128028,17.26004489,35.56076656,35.85420938,489.6270683,59.92229073,15.61361648,27.92941068,59.5755599,INSURANCE,4992.563485,21.14395491,Train
Country371,STABLE DEM,13.58500264,13.28343358,NA,NA,NA,NA,12.24018564,16.85164772,63.70370531,PRIVATE,15773.42393,10.90053173,Train
Country372,STABLE DEM,51.31597646,15.72805987,32.93532248,36.30473678,511.7090016,51.78153821,12.63597526,22.19269439,59.0225052,INSURANCE,4864.419702,22.33695618,Train
Country373,UNSTABLE DEM,57.82792584,16.94883227,36.5956014,37.3531695,486.5187328,58.80094262,11.81398509,16.19252742,62.91512547,INSURANCE,5141.684095,3.668352683,Test
Country374,UNSTABLE DEM,123.1959723,9.59198302,NA,31.85480741,509.2701118,56.19586972,16.95602469,22.70494688,-99,PRIVATE,14832.77251,19.36115371,Test
Country375,STABLE DEM,6.027128151,13.66991866,NA,NA,NA,63.04462798,13.84020099,NA,51.76629535,INSURANCE,4964.960105,22.43948059,Train
Country376,UNSTABLE DEM,147.1644278,14.22801541,NA,35.62356322,509.280614,58.41716943,13.05677561,22.32456446,58.1482038,INSURANCE,5093.263391,21.37158803,Train
Country377,OTHER,22.80811696,10.41608616,NA,33.64544191,500.4611055,58.9554714,18.22961244,23.3946175,59.64140379,INSURANCE,5243.018082,18.71073116,Train
Country378,STABLE DEM,12.93474887,NA,34.42137307,NA,502.44441,57.79719593,14.95772189,NA,61.41650907,PRIVATE,14568.56502,18.39677979,Train
Country379,UNSTABLE DEM,30.63152971,18.07053396,NA,37.34306692,484.2789081,59.17973724,13.0335871,23.74636967,-99,INSURANCE,4565.209309,13.65948507,Train
Country380,OTHER,51.12334053,11.91210605,NA,31.22488689,505.2202176,55.74240328,15.23930264,22.28872112,59.78976609,PRIVATE,14360.65828,16.68468021,Test
Country381,DICTATORSHIP,31.38854561,18.61779777,34.10671107,36.500683,504.8917973,55.26325563,10.66235915,21.38103912,60.95313128,PRIVATE,14885.3328,16.71394436,Train
Country382,STABLE DEM,40.84209388,18.23273887,35.91059186,34.1147103,484.98289,56.25540493,10.05551858,17.34467399,59.36015537,FREE,NA,3.291416257,Train
Country383,STABLE DEM,25.17166091,15.61980254,34.76131966,38.23001,490.6136123,54.47404105,13.70183806,21.54847709,63.96949932,PRIVATE,14617.10743,12.1844132,Train
Country384,DICTATORSHIP,24.18368363,16.07847288,NA,36.22615761,511.0519848,50.12330391,12.96315242,24.02471019,62.94432075,PRIVATE,15673.4247,21.10467051,Train
Country385,STABLE DEM,NA,14.60091219,31.8032155,33.47180195,NA,57.5317608,14.07125318,NA,56.56550502,INSURANCE,5211.682999,22.86039714,Train
Country386,UNSTABLE DEM,10.89961885,NA,NA,-99,488.0082451,22.1090117,NA,-99,-99,INSURANCE,4984.455341,20.33623178,Test
Country387,UNSTABLE DEM,17.15647699,12.36521098,NA,37.10598736,488.8225386,63.20154602,15.68689997,27.14846157,57.22852274,FREE,NA,21.13614117,Train
Country388,UNSTABLE DEM,43.28917874,17.78561974,37.54202659,36.32718953,493.8088188,47.07404036,11.09172767,25.12425678,-99,FREE,NA,17.45942782,Train
Country389,UNSTABLE DEM,8.105005763,NA,33.6156849,-99,497.8255158,25.21212861,11.35597885,-99,-99,INSURANCE,4963.46741,23.8548065,Train
Country390,UNSTABLE DEM,232.7132909,17.56060857,NA,36.72580825,510.2238094,53.15238287,12.98729359,23.98004256,62.34860887,INSURANCE,5023.191437,24.13526185,Train